email,mdp,nom,prenom
sem@cursusin.edu,RKR16WOX2ZF,Roche,Pauline
orci@tinciduntaliquam.net,CEF98OTV6ST,Petit,Dimitri
eget@acturpisegestas.ca,ZGJ79LWH4WC,Dubois,Florian
mi.enim.condimentum@ut.com,IVH25XVA8DJ,Fabre,Esteban
congue@eget.ca,VIE14CVG3FD,Renard,Bienvenue
Aliquam.auctor.velit@sagittislobortismauris.edu,VBR38YEI8AH,Rodriguez,Nathan
libero.Morbi.accumsan@augue.net,PJV75HCA5JF,Martinez,Émilie
pulvinar.arcu.et@eratvolutpatNulla.ca,HED17XOK1VA,Guyot,Marine
dignissim@diamatpretium.co.uk,ESP85TTI8LD,Francois,Loane
mus.Proin.vel@arcuVestibulumut.edu,DXM42IZZ6AN,Aubry,Maïlé
dui@tacitisociosquad.co.uk,FQB71SBX2FH,Bailly,Catherine
neque@Aliquam.ca,WAU78KZO9PY,Meyer,Killian
montes.nascetur@etultrices.edu,FPA06KMH7ZE,Lebrun,Samuel
euismod@aliquet.net,OVG14FLL4VZ,Leroux,Lamia
natoque@elitdictumeu.com,EJQ80RZX3WE,Meyer,Adrien
eget.venenatis.a@nullaIntincidunt.com,QQS01AAS7DV,Garnier,Florentin
adipiscing.lacus.Ut@ultricesDuisvolutpat.net,MGT51NEF5GI,Dubois,Émilie
massa.Quisque@enimnectempus.net,ASF53TRH0PV,Dubois,Jade
sodales@magna.com,RID84SUD1JD,Michel,Maxime
Morbi@purusNullamscelerisque.co.uk,FWQ32FIR1TU,Gauthier,Lou
Nunc.mauris@posuerecubiliaCurae.ca,THC91NZZ9CL,Sanchez,Maéva
nec.imperdiet.nec@justo.net,GEN44VYY2HD,Robin,Bienvenue
pede@Fuscemilorem.ca,IJN89VCN7CY,Renaud,Kylian
aliquet.Proin.velit@vellectusCum.ca,DWB58USM9QG,Le gall,Léo
mauris.sagittis@fringillaporttitorvulputate.co.uk,TPV18IBF9NM,Royer,Léa
nunc.nulla.vulputate@aliquamerosturpis.com,DNU62SVZ2VF,Berger,Thomas
Nunc@amet.net,BHH16BIE2JB,Jacob,Ambre
vel.sapien@tinciduntduiaugue.ca,CEU50EHX9NU,Bouvier,Lina
ornare.facilisis.eget@aliquet.com,GHU08AIG1ZT,Petit,Lily
Cum.sociis@ultricies.com,QQK32VBG2NM,Boucher,Agathe
dignissim@egetvenenatisa.edu,GIC22DIB4ER,Thomas,Françoise
justo.nec.ante@feugiat.net,NCR55KUD7JG,Philippe,Hugo
vestibulum@diamdictum.net,PYK32YZY1NC,Rey,Lola
Nunc.lectus@cursusaenim.edu,XFJ44LEM5LT,Meyer,Lamia
arcu.Vivamus@Maecenasiaculisaliquet.edu,FJE83GKV7GB,Fournier,Syrine
Curae@mollis.com,YUW88JEO0NE,Muller,Erwan
blandit@velit.ca,DYL92NUD9NY,Joly,Dylan
diam.dictum.sapien@fringillaporttitorvulputate.co.uk,AOW77NIP6AV,Prevost,Kylian
lectus.pede.et@euismodacfermentum.ca,FDR10XNH1YD,Leroux,Clara
consectetuer@pedePraesenteu.org,KCE47WIQ6RL,Baron,Loevan
eu@semper.ca,VSY64YMJ5WI,Fontaine,Margaux
sociis.natoque.penatibus@tristiqueac.ca,ZVQ74PUB5JY,Louis,Alexia
egestas@acmattisornare.ca,MCZ26FKH0KJ,Arnaud,Lola
dis.parturient.montes@Class.org,ALM28DXP4CK,Fontaine,Kilian
mi.lacinia@vestibulum.org,QIH79EHM8IY,Laine,Kimberley
sed.turpis@vitae.org,FEQ38AKB1TV,Durand,Mathieu
Integer.eu@fringillaeuismod.com,RLN25HDQ0MA,Barbier,Romane
auctor.odio.a@bibendum.co.uk,ZMU19UKQ2UW,Etienne,Lucas
malesuada.malesuada.Integer@semvitae.net,JDD33OSE2IY,Morin,Aaron
cursus.non.egestas@nibhenimgravida.edu,RUP53CPA8NA,Andre,Hugo
egestas.a.scelerisque@nisisem.ca,QQI51ONO7GD,Faure,Timéo
orci@Phaselluslibero.com,WRG19ANX2WS,Herve,Antoine
Vestibulum.ante.ipsum@dui.co.uk,YDW88PXC7RT,Remy,Lauriane
sociosqu.ad@Nuncut.ca,IQT48HBQ4HV,Lacroix,Nicolas
Nunc.mauris.Morbi@eratnonummyultricies.edu,SMR66WIH4JU,Gauthier,Marion
Integer.urna@estNunclaoreet.org,PNQ70ULK6AJ,Perrot,Nina
lorem.auctor.quis@amet.co.uk,TOF90UMH1NR,Nguyen,Pierre
et@laoreetipsumCurabitur.net,FER86LQL1QZ,Moulin,Loane
faucibus@gravidanonsollicitudin.com,HKX85WUI6KA,Berger,Maïwenn
amet@diam.ca,WTL60CIG0GK,Schmitt,Lucas
Donec@ipsumdolor.edu,LGJ16TTI2WO,Petit,Juliette
nec.mauris@Phasellus.com,ELR07NWY0KZ,Lacroix,Maïwenn
ornare.placerat.orci@nonlacinia.com,CMY43EGK9TY,Chevalier,Solene
lacus.Mauris@vel.co.uk,EEN15SJM8EH,Andre,Marine
arcu.vel@orci.edu,WBV44FVB5WX,Fernandez,Maïwenn
ac@nonfeugiatnec.org,UCI79EFI9VI,Berger,Edwige
sed.tortor.Integer@iaculislacuspede.net,HGB80QTI2WS,Renard,Enzo
dapibus.quam@feugiatLoremipsum.org,FBE59OWW3AU,Dupuis,Lola
venenatis.lacus.Etiam@imperdietnec.org,QYR12XPZ2QW,Garcia,Ethan
varius@Nullam.org,TRB87WLI2RU,Adam,Simon
eget@Praesentluctus.org,MVK51GWG2PJ,Fleury,Solene
cubilia.Curae.Phasellus@non.co.uk,QAX44COY2PV,Humbert,Lucas
metus.Aenean.sed@risus.ca,EMH19TOK4JM,Roux,Nathan
id@magnaSuspendisse.net,EZW27ZZJ1EG,Etienne,Lilian
facilisis.magna@purusin.ca,KHD15QZE8VH,Cousin,Guillemette
Sed.eu.nibh@bibendumfermentummetus.org,WAD98QHS5DO,Robin,Edwige
non.lorem.vitae@egetmollis.edu,SMX23ECA6HN,Leclercq,Adrien
Donec.sollicitudin@enimSuspendissealiquet.org,RCU45PXN8JW,Millet,Clara
in@arcuVestibulum.co.uk,OWU74ZFC1GO,Clement,Adrian
ante@egestas.ca,LBX80PWJ4TH,Bailly,Lorenzo
cursus.in@erosNamconsequat.co.uk,KMO90UQZ7VH,Benoit,Aaron
Phasellus.libero.mauris@Vestibulum.net,QCW08XAF5MP,Martin,Jordan
Aenean.gravida@non.ca,YQK00LPZ8RZ,Boyer,Inès
semper.et.lacinia@diamdictum.net,PPM90UJA0OM,Perrot,Bastien
consequat.auctor.nunc@molestiearcuSed.com,KYT54ISM4TW,Perez,Gabriel
interdum.feugiat@Integervulputaterisus.edu,ZJR36CPA1VD,Arnaud,Alexandra
neque.tellus@magnaPhasellusdolor.edu,EYT99KTY1UT,Fournier,Lilian
ullamcorper@auctornunc.ca,CTQ26VDF6HY,Renault,Bienvenue
rutrum@et.co.uk,JOJ84HWZ5RD,Marty,Samuel
fringilla@ante.co.uk,XSD96GND1HC,Weber,Pauline
Proin.vel.arcu@idante.edu,RQB73FSK6RD,Perrot,Margaux
sagittis@nec.org,HJB31XPF8YA,Legrand,Louis
nisi.Mauris.nulla@lorem.ca,BOI66QJJ6JX,Weber,Jérémy
eu.sem.Pellentesque@eu.ca,YFA61IOF1PI,Leveque,Yohan
Sed.diam.lorem@dictumcursus.org,XFK72JOY6DY,Lefevre,Alicia
urna.Nullam.lobortis@erat.net,BDM35VZE6YE,Dumont,Jordan
luctus.et.ultrices@mi.ca,VQX43UXD9ME,Lecomte,Paul
ligula.Aliquam.erat@pellentesquemassa.co.uk,EXL88KJD7KI,Mercier,Maryam
diam@nisiMaurisnulla.com,MJJ60XSA9EG,Collet,Lilou
erat@erosProin.co.uk,JKQ00AZP7TE,Arnaud,Alexia