email;mdp;nom;prenom;numSecu;dateNaissance;nationalite;codePostal
Sed.congue.elit@in.ca;FFO07WWH5BF;Caron;Maëlle;1668100293499;1944-06-20;France;3117
Aenean@quisdiamPellentesque.edu;ZTP06XOJ5CW;Herve;Kimberley;1697051753399;2017-04-11;France;21909
molestie@AliquamnislNulla.com;SXH35ZVE0LR;Pons;Quentin;1600022360199;1992-05-24;France;12444
sollicitudin.commodo.ipsum@Duis.com;TFQ15CRR3TU;Lemoine;Maïlé;1677051377599;1992-07-19;France;16092
lobortis.mauris.Suspendisse@mauriserateget.org;SXK69NYT4QB;Julien;Éloïse;1602012457099;2004-11-21;France;X2S 3T0
consequat@Aliquamvulputateullamcorper.com;CQY08SAS5UV;Le gall;Simon;1629110779599;1939-06-28;France;66121
enim@dolor.com;JBC62RLA0XZ;Daniel;Cédric;1694102087199;1951-06-27;Northern Mariana Islands;26098
eget@scelerisqueduiSuspendisse.ca;WJE08HZV4OG;Guillot;Adam;1681053062599;1957-05-28;France;912415
tortor@metus.net;SIB74QPV6XS;Renard;Yanis;1635021721599;1979-12-23;France;486292
ut@nec.ca;KHY48ULC8IN;Menard;Yasmine;1681090569099;1956-01-04;France;81353
ac.orci.Ut@Cras.ca;BRW37RHT8OK;Roussel;Corentin;1643110856199;1991-12-14;France;P0L 8A1
hendrerit.id.ante@gravida.ca;GRG43DQC2OE;Marchand;Félix;1676021658599;2018-05-30;Slovenia;63377
parturient.montes.nascetur@eu.co.uk;BKB25ZBS8UQ;Gauthier;Gabin;1628032630699;1954-05-09;France;40-152
dignissim.tempor@tellusPhasellus.org;JYL63MPH8OQ;Gonzalez;Robin;1690120532699;1979-11-08;France;01315-619
Donec.sollicitudin@consequatdolor.net;DOY46FVH0GG;Brunet;Jade;1670100613799;1959-08-12;Venezuela;58871
scelerisque.mollis.Phasellus@Phasellusataugue.com;IKW42MEI0TU;Francois;Gaspard;1672020441099;1959-01-08;France;5091 PD
dis@Curabituregestasnunc.ca;EED22LWZ7KH;Gautier;Salomé;1613111979899;1962-04-18;France;7998
pharetra.ut.pharetra@sociisnatoque.co.uk;TON13YHZ4TO;Clement;Kilian;1677061561499;2005-05-03;France;2588
ornare.In@eleifendnunc.edu;VTS30RZM8BM;Lefebvre;Alexia;1666020964399;1999-10-06;Åland Islands;50606
Phasellus.vitae@aliquamiaculis.edu;TPD40OAY0MX;Henry;Dorian;1643010725499;1932-10-12;France;60885-926
metus.In.lorem@Cum.edu;LIJ55MEG6EK;Noel;Loane;1618061629899;1970-10-10;Holy See (Vatican City State);4968 EQ
dignissim@purussapien.ca;CYW72KEO3XO;Prevost;Anaël;1645111214599;1943-03-16;France;R6C 9G7
et.magnis@lorem.edu;QZN50SDS4OA;Bouvier;Maxence;1627041899299;1974-12-09;France;3578 NY
massa@Cras.org;SWT16KVS9DP;Leclerc;Félix;1687100344699;2005-06-13;France;98501
Duis@maurisSuspendisse.org;XAF34PEM4TK;Millet;Nolan;1654101022399;1928-06-09;France;6009
elit.pharetra@Aeneaneget.org;QEL53ESM3HL;Huet;Jeanne;1646030392299;1992-06-12;France;4137 OZ
risus.at.fringilla@adipiscing.edu;BQK30ICH8ZJ;Lucas;Gabin;1616090609499;1932-08-23;France;Y3X 7J3
gravida.sagittis.Duis@torquentperconubia.net;POC31MVO0IR;Marechal;Émile;1663031033299;2008-05-11;France;94149
ut@eutellus.com;AJX84YMA3NI;Boucher;Diego;1691052294399;1985-06-13;Åland Islands;83889-718
cursus.et.eros@volutpat.edu;SRY37BKT3YF;Garnier;Lisa;1643070636699;1959-09-02;France;4041
nisl.Maecenas@euismodurna.co.uk;WBA62TTQ7BR;Dufour;Noémie;1663062981699;1966-01-31;Netherlands;1192
tortor.dictum@eratEtiamvestibulum.com;TFM67SDD5PT;Moreau;Julien;1686101325199;1927-07-06;France;0305 JC
felis.orci@senectuset.ca;TJB47IWA4AH;Henry;Alice;1680061002999;1943-11-27;France;2714
orci@utnisi.ca;KZX27ZZN8LW;Renard;Jasmine;1663040308999;1977-05-28;France;80053
ac.urna@elit.co.uk;BTH26YJZ2GM;Gaillard;Marie;1623050445499;1956-10-31;France;3014
neque.Sed.eget@euismod.org;UPM49DVI8LE;Carre;Adrien;1601050910699;1940-05-16;France;31305
vulputate@faucibusleo.edu;AYO35PHI6UJ;Legrand;Nicolas;1691102486299;1980-12-24;France;228398
neque.vitae.semper@liberonec.org;XFN59UAC9FC;Faure;Enzo;1618041569499;1994-11-05;France;176837
Nunc@velpedeblandit.com;CTU63WUK9VP;Leclercq;Romain;1634091862399;1992-10-05;France;16497
enim.Nunc@Phasellus.co.uk;WYA39KCO7SE;Meunier;Loane;1611061348499;1952-01-18;France;4831
ullamcorper@lacusvestibulum.org;MKE58JVG8DG;Henry;Charlotte;1636030663099;1931-01-29;France;E7V 6K1
facilisis.vitae.orci@sedest.org;OGC83AIX4TD;Arnaud;Margaux;1636100509799;1962-09-18;France;J5 4SR
mi@musAeneaneget.ca;NUT28NWA5WU;Leveque;Florentin;1628052466999;1974-03-23;France;07070
Sed.et.libero@libero.net;HYI88WOE9OJ;Leveque;Maxime;1696061179799;1931-07-20;Togo;811791
Etiam.vestibulum.massa@nuncullamcorpereu.com;MUU13GGA3AG;Muller;Luna;1629110513599;1981-01-27;Saint Helena, Ascension and Tristan da Cunha;14072-738
nonummy.ut@enim.com;YFM95TGW3DC;Leroy;Maïlé;1624062995899;2010-01-29;France;11705
metus.urna@nuncsed.co.uk;QTO48XYI2KE;Philippe;Zoé;1610050686199;1939-04-05;France;89944
sagittis@Pellentesquetincidunt.ca;PZJ96YDZ3KN;Bourgeois;Yanis;1628082116999;1992-05-13;France;28-658
elementum.at.egestas@sempercursus.com;SMS05JQW5IQ;David;Fanny;1673120408799;1958-03-13;France;2826
a.ultricies.adipiscing@Innec.edu;JNS97DBM6AT;Fabre;Mathis;1672092347499;1996-09-27;Somalia;46539-804
mattis.ornare@urnaconvalliserat.co.uk;QQI56SZB6GA;Fournier;Lola;1631052650999;1930-11-19;Malaysia;26665-857
arcu.Aliquam.ultrices@Sedmolestie.com;ZJR39GGU6JU;Weber;Mathieu;1604100524699;1925-03-17;France;97-928
auctor.vitae@dignissim.co.uk;ZZV51QOP7DS;Benoit;Amine;1669021986099;1982-11-23;France;495813
Sed@Nunclectuspede.com;NNQ09ISW1OH;Philippe;Jérémy;1648051089899;1981-04-24;France;8761
lorem@ac.co.uk;SOP49VAX3HD;Marty;Corentin;1619121313299;1997-09-11;France;04033-080
at@facilisisvitae.ca;XRZ25WRF1UM;Poirier;Colin;1669111670299;1976-09-06;Uganda;23018-247
orci.Ut.semper@mattissemper.edu;NBO77WJE8RL;Roy;Edwige;1614041362399;1988-12-03;Saudi Arabia;763602
nisi.magna@urnaetarcu.net;ZFT17FBK0HK;Bertrand;Lily;1689010123699;1944-06-29;France;3538
penatibus@dui.co.uk;ABH93PQR0LH;Richard;Anaël;1698091121499;2002-12-11;France;7390
cursus.diam@dolor.com;TXB26DSS7JG;Cousin;Alexandre;1636092121999;1979-11-26;France;27081
in.aliquet.lobortis@luctus.org;LOD93MOL6DL;Caron;Cloé;1621110394099;1999-01-04;France;61212
mattis.Cras.eget@NullaaliquetProin.net;WDT69SRY9MM;Paul;Justine;1682010599899;1953-11-29;Saint Vincent and The Grenadines;37081
sem.consequat@Fusce.net;JBH45ILG6OM;Poirier;Killian;1655111126199;1998-04-02;France;W0U 6PM
rutrum.Fusce@hendrerit.edu;CHP49QVH1WL;Carpentier;Lutécia;1693051668599;1987-10-31;France;66154
mi.eleifend@Nullam.com;NVW22KXS5JU;Germain;Thomas;1612052755999;1977-03-24;France;54259
auctor.odio.a@nuncsedpede.com;KKK59PTO2AX;Lecomte;Pierre;1639041810599;1994-08-14;France;97890-542
amet@tristiquepharetra.ca;DIH14HIM4PQ;Renaud;Lucas;1662020365499;2006-04-26;France;23415
varius.Nam@ornareegestasligula.co.uk;EGQ37JJS2CE;Le goff;Françoise;1676070127699;1934-06-26;China;09212
dictum.augue.malesuada@arcu.net;XQK14KSM1YX;Marchal;Killian;1669101528699;2017-04-29;El Salvador;595810
Sed@necmetusfacilisis.net;WVX86RPY9YL;Etienne;Angelina;1660100250999;1974-07-11;France;9558
in@ante.ca;KSS25DOB2SA;Dufour;Lena;1674012074799;1996-10-01;France;719770
non.lorem.vitae@euodio.net;NTK23TCH3HD;Barre;Sarah;1670012824199;1975-07-16;France;12800
neque.vitae@ac.co.uk;AMF69SGZ5ET;Guillaume;Syrine;1682082610499;1975-01-15;France;5650
Donec@metus.edu;MPP64SCT8NJ;Herve;Anna;1648020462999;1955-10-12;France;33579
sociis@metusfacilisis.org;MKY95VZV6EZ;Chevallier;Yasmine;1613080132799;1928-07-10;France;223903
lorem.vehicula.et@Cras.co.uk;ZWR15KEA3BQ;Albert;Maelys;1633110201799;1993-09-13;France;2411
leo.Morbi.neque@Mauris.com;MBS91TAR7DV;Charpentier;Alexandre;1602102316099;1998-08-13;France;62670
erat.eget.tincidunt@Vivamusnonlorem.org;NYI61KPN9PW;Remy;Mathilde;1673091790499;2015-04-15;France;717517
aliquet.Phasellus.fermentum@ultriciesligulaNullam.ca;OZJ36GCU8LT;Vidal;Pauline;1666042156099;1982-08-08;France;708414
adipiscing.non.luctus@Donecfelis.org;AAM89EYD3VH;Breton;Léa;1646082075399;2007-11-11;France;7631
Nullam.scelerisque.neque@metusAliquamerat.ca;BTQ27BTY1ZN;Mercier;Maryam;1683111978099;2018-02-06;France;8365
adipiscing.elit.Curabitur@erat.com;VKS35HAQ6GX;Mercier;Marion;1635092151299;1965-05-07;France;78867
rhoncus@eratnequenon.ca;MMQ20JRY9TQ;Dubois;Lina;1662100243299;1967-07-17;France;92729
tempus@vehicula.ca;GDZ46OLV3LX;Chevalier;Jasmine;1684021964399;1962-01-06;Myanmar;534802
habitant@nisisem.ca;HJN47MCB5AZ;Humbert;Florian;1642042953499;2009-12-31;France;926966
et.lacinia@eratvitae.edu;NMF06GOH3AU;Royer;Noah;1697020463799;1933-09-12;El Salvador;5657
In.tincidunt@lacus.org;ONU68LEI6LT;Mallet;Anaëlle;1629030157699;1925-05-05;Malaysia;S4L 1C2
ut.nisi.a@massarutrum.com;LZP38GJX1WG;Lambert;Sara;1688100215599;1976-02-27;France;77185
dapibus.quam.quis@hendrerita.edu;KQJ02YQB2JM;Sanchez;Sarah;1675032422799;1963-03-21;France;56384
Nullam.nisl@non.com;JUX08GGH0FU;Vidal;Alexia;1611050804499;1995-03-07;France;350642
vel@fringillaporttitorvulputate.org;OOC25YBF3PN;Baron;Élise;1669112030699;1945-06-15;France;3734
ligula.eu@pharetra.co.uk;KJA90YOY6CS;Deschamps;Maxence;1623112474599;1997-08-15;Northern Mariana Islands;50499
natoque.penatibus.et@enim.org;PMU18RNA7GU;Rolland;Robin;1614071657699;1974-01-26;France;28807
at.pretium@indolor.co.uk;EZO25PBN7EZ;Roussel;Léane;1606020473299;1954-02-07;France;76070
odio.tristique@vitae.org;FXW40URD2ZG;Meyer;Adrian;1684040957599;2012-02-06;France;12681
luctus.vulputate@quistristiqueac.co.uk;WRD44DLZ4TF;Rousseau;Gilbert;1633032803699;1929-05-23;France;02875
Vivamus.nisi@eu.co.uk;LVZ90EGX7YN;Herve;Léon;1699090538099;2017-01-03;France;1520
velit@vulputaterisus.co.uk;BTT11VXL6DV;Philippe;Anna;1690012535099;1960-11-10;France;218864
vitae@vel.com;FDO06OMZ0PM;Sanchez;Arthur;1661090125199;1973-04-09;France;72609
Fusce.fermentum.fermentum@lectusjusto.edu;FAL92IEY1OA;Boyer;Kevin;1663051830799;2005-06-08;France;90-882
